,term,score
0,computer,3.386294361119891
1,about,1.6931471805599454
2,studies,1.6931471805599454
3,in,1.6931471805599454
4,lab,1.6931471805599454
5,ben,1.6931471805599454
6,data,0.0
7,datasets,0.0
8,brown,0.0
9,at,0.0
10,large,0.0
11,on,0.0
12,scientists,0.0
13,steve,0.0
14,teaches,0.0
15,university,0.0
16,work,0.0
