,term,score
0,university,1.6931471805599454
1,brown,1.6931471805599454
2,teaches,1.6931471805599454
3,steve,1.6931471805599454
4,at,1.6931471805599454
5,about,0.0
6,on,0.0
7,studies,0.0
8,scientists,0.0
9,lab,0.0
10,large,0.0
11,in,0.0
12,datasets,0.0
13,data,0.0
14,computer,0.0
15,ben,0.0
16,work,0.0
