,term,score
0,work,1.6931471805599454
1,on,1.6931471805599454
2,data,1.6931471805599454
3,datasets,1.6931471805599454
4,scientists,1.6931471805599454
5,large,1.6931471805599454
6,university,0.0
7,teaches,0.0
8,studies,0.0
9,steve,0.0
10,about,0.0
11,at,0.0
12,in,0.0
13,computer,0.0
14,brown,0.0
15,ben,0.0
16,lab,0.0
